MidnightSimpleUnitFrames/Auras3/MSUF_Auras3_Core.lua	bd7eb27b6683497f03a2f207737df6354d4fd218
MidnightSimpleUnitFrames/Auras3/MSUF_Auras3_EditMode.lua	70525fd7c288fc8d31d5a8834b54579373e425c3
MidnightSimpleUnitFrames/Auras3/MSUF_Auras3_EditMode_Config.lua	6ca61e316c7f255c4a0cbf605dfee123047fbc24
MidnightSimpleUnitFrames/Auras3/MSUF_Auras3_EditMode_Drag.lua	5f7b5508039bea93c12298ea177662efdd299fdf
MidnightSimpleUnitFrames/Auras3/MSUF_Auras3_EditMode_Preview.lua	4c0b87c839747d707ae6c7143d6f220ecde30ca9
MidnightSimpleUnitFrames/Auras3/MSUF_Auras3_GroupHighlightsData.lua	6569478b0bd7bff748a1450078173a1027f91b61
MidnightSimpleUnitFrames/Auras3/MSUF_Auras3_Menu_Model.lua	b842484a200ef6d675c4a4c0733b8cabf5133183
MidnightSimpleUnitFrames/Auras3/MSUF_Auras3_SpellIndicators.lua	6e870a66ad58547009ccaa8270896bc7a7f0b7c3
MidnightSimpleUnitFrames/Auras3/MSUF_Auras3_SpellIndicators_Effects.lua	b8c6ed70a9e3aefe9cc78b4ea7788b873a7679fc
MidnightSimpleUnitFrames/Auras3/MSUF_Auras3_SpellIndicators_Reminders.lua	edb4500bb0085ea1530da37c8ebc449be556a57d
MidnightSimpleUnitFrames/Auras3/MenuModel/MSUF_Auras3_Menu_Appearance.lua	4dcfef0a2ca3c4c0ddbd96a3b900d7bfba017a2b
MidnightSimpleUnitFrames/Auras3/MenuModel/MSUF_Auras3_Menu_Common.lua	5c8c81f51caac3a7e3301f7c5601edf645a272bd
MidnightSimpleUnitFrames/Auras3/MenuModel/MSUF_Auras3_Menu_Schema.lua	3c6753f8f8e7db0da9dd6d6e6f8b55c1f1854253
MidnightSimpleUnitFrames/Auras3/MenuModel/MSUF_Auras3_Menu_Storage.lua	8bb0dbab945c50f9189b5075bbcaecfb5ec19fc0
MidnightSimpleUnitFrames/Auras3/Runtime/MSUF_Auras3_Runtime_Appearance.lua	990cf1aa906bfb724b3e1420262b902f20bf7ec4
MidnightSimpleUnitFrames/Auras3/Runtime/MSUF_Auras3_Runtime_ButtonVisuals.lua	124443deedadf42e8079465cbf201f1b13bb05b5
MidnightSimpleUnitFrames/Auras3/Runtime/MSUF_Auras3_Runtime_ConfigValues.lua	6c7f396e90b242222b081ab05b9ced5badf0bfba
MidnightSimpleUnitFrames/Auras3/Runtime/MSUF_Auras3_Runtime_Containers.lua	1a117eab765ad83e4560b1900be039626aec8a6d
MidnightSimpleUnitFrames/Auras3/Runtime/MSUF_Auras3_Runtime_CustomConfig.lua	7043ee3afc9b9a92c7a18f524cbd22cc05e404fa
MidnightSimpleUnitFrames/Auras3/Runtime/MSUF_Auras3_Runtime_DispelVisuals.lua	a49b0b210c51dd7fe97ddffcb0b223ff4878666b
MidnightSimpleUnitFrames/Auras3/Runtime/MSUF_Auras3_Runtime_EffectPreview.lua	70843c3a1f2b5df2176caf552cd2f69fe2e8ff5a
MidnightSimpleUnitFrames/Auras3/Runtime/MSUF_Auras3_Runtime_Facade.lua	0ef0f1a94d879dd025c78f965e5abe5806be68a3
MidnightSimpleUnitFrames/Auras3/Runtime/MSUF_Auras3_Runtime_Identity.lua	f7453aec8324baead931600b7f67658fb9da2970
MidnightSimpleUnitFrames/Auras3/Runtime/MSUF_Auras3_Runtime_IdentityEvents.lua	69aad53152cdbd01d4952b63d7156f755e9d0a83
MidnightSimpleUnitFrames/Auras3/Runtime/MSUF_Auras3_Runtime_NativeApply.lua	e2c50c0d9e7048f67276c124b39c65ac22ea41cf
MidnightSimpleUnitFrames/Auras3/Runtime/MSUF_Auras3_Runtime_NativeContract.lua	8a0b6c6155c37284f710c8e9b2f27b967e32027e
MidnightSimpleUnitFrames/Auras3/Runtime/MSUF_Auras3_Runtime_Presence.lua	3209ad6283b0f76046f148e07cad7c9b6b45a6a3
MidnightSimpleUnitFrames/Auras3/Runtime/MSUF_Auras3_Runtime_Schema.lua	bdff86c338e5332f56592efc8169ff60a9f4cbdd
MidnightSimpleUnitFrames/Auras3/Runtime/MSUF_Auras3_Runtime_UnitConfig.lua	c5af813adf50a471e99e9380f18660ba3ec6f385
MidnightSimpleUnitFrames/Castbars/MSUF_BossCastbars.lua	718958cdf40eea0c0944f54e5aa4b4c9bcc7e983
MidnightSimpleUnitFrames/Castbars/MSUF_CastbarAnchors.lua	2c325874780ceae24e7d6096fb40ace1a38679bd
MidnightSimpleUnitFrames/Castbars/MSUF_CastbarChannelTicks.lua	42200fcf7cbae1bccf5e672c0ad8b215c5c7afab
MidnightSimpleUnitFrames/Castbars/MSUF_CastbarDriver.lua	6fd4c0f05376747a0f049e27f6dea65a6e3b21d5
MidnightSimpleUnitFrames/Castbars/MSUF_CastbarEmpower.lua	eb1109bcd5cb2b1390933f804bd7314fe55a76cd
MidnightSimpleUnitFrames/Castbars/MSUF_CastbarFrames.lua	dbe99c163379960353ce9e6e17dd3be39d41122a
MidnightSimpleUnitFrames/Castbars/MSUF_CastbarGCD.lua	124379b61ad359ddedb17d6199908671f31515ed
MidnightSimpleUnitFrames/Castbars/MSUF_CastbarPreviewEdit.lua	ba07b61c094cea44fe8c76d5252e2eabe1e3a318
MidnightSimpleUnitFrames/Castbars/MSUF_CastbarPreviews.lua	a4039006b5ae8d84e83b3b53e102fb6335ecfec9
MidnightSimpleUnitFrames/Castbars/MSUF_CastbarRounded.lua	cf105bd792d4bd1c3f0e816f7aa3a2b1686e354a
MidnightSimpleUnitFrames/Castbars/MSUF_CastbarRuntime.lua	cc7f646f2fedf932d2bb27aed3c1b8b78b364729
MidnightSimpleUnitFrames/Castbars/MSUF_CastbarStyle.lua	a7f32fe1a477e89aad3c29264fbfeecbbec032f5
MidnightSimpleUnitFrames/Castbars/MSUF_CastbarUtils.lua	f40c9a0273638a95fb547e31dcf4ad0dcac28a24
MidnightSimpleUnitFrames/Castbars/MSUF_CastbarVisuals.lua	5abacf6249d017ac409efa9b4885a807c26d2ce3
MidnightSimpleUnitFrames/Castbars/MSUF_Castbars.lua	8369faf99f5dcec44a09a5db402ece12f292795b
MidnightSimpleUnitFrames/Castbars/MSUF_Castbars_Backend.lua	ded4896ed0e12c109b7d8140802bf00042b5c2ef
MidnightSimpleUnitFrames/Castbars/MSUF_Castbars_Bridge.lua	cc14dcf04453de487a9b7cea113398f585cd4d78
MidnightSimpleUnitFrames/Castbars/MSUF_Castbars_Core.lua	8d4ce5c04de548e13530bc660f50728bb48ca7df
MidnightSimpleUnitFrames/Castbars/MSUF_FocusKickIcon.lua	ca122abd8172f705a7dc7cd5124958db80ca412e
MidnightSimpleUnitFrames/Castbars/MSUF_InterruptReady.lua	84a00c3edf1c028b619ce57cf87c0cac47c9e6cc
MidnightSimpleUnitFrames/Castbars/MSUF_PlayerCastbarRuntime.lua	bb87542f2b53ef177f19937c80e4cdbe2123cea2
MidnightSimpleUnitFrames/ClassPower/MSUF_CP_AltMana.lua	a32f5dfa55bd1078b4401a9d2498b2de5c77705b
MidnightSimpleUnitFrames/ClassPower/MSUF_CP_BalanceDruid.lua	66219a3c24fc07577b5ea620ef8a627d90e834bb
MidnightSimpleUnitFrames/ClassPower/MSUF_CP_Constants.lua	ebe6d2459ac2350e4ae981c9ec3e80d69f153ee5
MidnightSimpleUnitFrames/ClassPower/MSUF_CP_Controller.lua	9f8ef2bd99e3f830d0532e0dfaea54e9285c0cdd
MidnightSimpleUnitFrames/ClassPower/MSUF_CP_Controller_Config.lua	7db05efa6e32dd03b87e0e06e52ebd2e10cd4e65
MidnightSimpleUnitFrames/ClassPower/MSUF_CP_Core.lua	2546d5e1f2523966b89083f373ea18d6bf1f83d8
MidnightSimpleUnitFrames/ClassPower/MSUF_CP_EbonMight.lua	e6da75501b197796c98757c62335648321e1e1d8
MidnightSimpleUnitFrames/ClassPower/MSUF_CP_Ironfur.lua	59b4277b04bb7c99a134689b1f75f56f8031bddf
MidnightSimpleUnitFrames/ClassPower/MSUF_CP_Modes.lua	8299eb5afbeea6cb11f2ed4cc4e45e4969eb4bd6
MidnightSimpleUnitFrames/ClassPower/MSUF_CP_NativeAuras.lua	bf8db4a27e579dee3ec036fb02cd47ea095a6f6d
MidnightSimpleUnitFrames/ClassPower/MSUF_CP_PlayerHP.lua	093e611f93157d8cefc16ab8cfd4bb7ff0d4d864
MidnightSimpleUnitFrames/Features/Diagnostics/MSUF_Feature_DebugPosition.lua	084252f6dd4a502b2ec19112579ecc0fba6aff3c
MidnightSimpleUnitFrames/Features/Gameplay/MSUF_Feature_GameplayHelpers.lua	8ca0394ed291e5c37f883554c776891acbe27bfe
MidnightSimpleUnitFrames/Features/Gameplay/MSUF_Feature_GameplayRuntime.lua	2bab7db104792123e1ac94e0e480733c5e2326f4
MidnightSimpleUnitFrames/Features/Gameplay/MSUF_Feature_TotemPreview.lua	6b8f325bd19664078f296e5d7e3ed1a61dcd5175
MidnightSimpleUnitFrames/Features/Telemetry/MSUF_Analytics.lua	72683aa29e787135cb7b6164d0a74e7e853f43c3
MidnightSimpleUnitFrames/Features/Versioning/MSUF_ClientVersionWarning.lua	4324179a6ad60e5cfd509b98dfddb4e8bdc5a3a1
MidnightSimpleUnitFrames/Features/Versioning/MSUF_VersionCheck.lua	b908accc2698b3f2ff27198a5e21c89c3562ae39
MidnightSimpleUnitFrames/GroupFrames/MSUF_GroupFrames_DB.lua	6d8771ca286ea80eb30697ff8aaea9e2a2830034
MidnightSimpleUnitFrames/Integrations/MSUF_Integration_EllesmereUnlock.lua	92318d528d1d544575f584074abef51cba6b4408
MidnightSimpleUnitFrames/Integrations/MSUF_Integration_ThirdPartyAnchors.lua	7ec2ab3affd409345ae85bcecc35a8328435cebe
MidnightSimpleUnitFrames/Kernel/MSUF_BlizzardFrames.lua	3ddcbea2fd162ecac5883b364d44b970ae819e14
MidnightSimpleUnitFrames/Kernel/MSUF_Libs.lua	311068b8290750748dfcb62a301923c94335d7e6
MidnightSimpleUnitFrames/Kernel/MSUF_OptionsLoader.lua	017b7f22ad784d03092d54b0aceae9eb0f05ddcb
MidnightSimpleUnitFrames/Kernel/MSUF_RuntimeContracts.lua	1f8d47a697fec17fbfb05efa305b6b4919541463
MidnightSimpleUnitFrames/Kernel/MSUF_Scheduler.lua	e7b2ca062c01acaa04dd422d258095919730b0bd
MidnightSimpleUnitFrames/Kernel/MSUF_Util.lua	75c5e99b5bdc4cf7a550c8ea07e5abd4290b294c
MidnightSimpleUnitFrames/Libs/MSUFUnitFrames/MSUF_UF_Core.lua	d308ceb4f061dfc8518e2eabd219b23ac005a7ce
MidnightSimpleUnitFrames/Libs/MSUFUnitFrames/MSUF_UF_Layers.lua	ddd467b22c01af3220244b933754305c591e2c73
MidnightSimpleUnitFrames/Libs/MSUFUnitFrames/MSUF_UF_Metadata.lua	bebb3816a8cb932d1018c8f7ceaee5adae41021b
MidnightSimpleUnitFrames/Libs/MSUFUnitFrames/api.lua	813a4f99df85bc38f4dd7857f27c9b34e0129843
MidnightSimpleUnitFrames/Locales/deDE.lua	563d63ada6b3741f116bb1b3f3347e0c167c4d3e
MidnightSimpleUnitFrames/Locales/enGB.lua	b003f232cf3247237920e7b1e0f842272d2b69cd
MidnightSimpleUnitFrames/Locales/enUS.lua	8914462b5997f1860e06f99902e5f478f780d0b0
MidnightSimpleUnitFrames/Locales/esES.lua	02ef854d3b1a922bc10ce08a4d46ee7b95ba2f46
MidnightSimpleUnitFrames/Locales/esMX.lua	8c197b84a982eb6646a103bf2885074d8462ea50
MidnightSimpleUnitFrames/Locales/frFR.lua	49c388db7e887f03b3a347190469a9e7b6307fce
MidnightSimpleUnitFrames/Locales/itIT.lua	70b335e0e42936d2c2cce27d68da756cf090dd9f
MidnightSimpleUnitFrames/Locales/koKR.lua	333d991fd0c77320d11fc5d5d562464dbaa01f02
MidnightSimpleUnitFrames/Locales/ptBR.lua	ec54cbfaececd2e4a77f5b64c863590c2b8f3bc7
MidnightSimpleUnitFrames/Locales/ruRU.lua	6e27fb8d2a43b28613a9b8b3dcda4feb23ab2133
MidnightSimpleUnitFrames/Locales/zhCN.lua	225176c441ddd87f16d68c5f458c7d246d87b5fd
MidnightSimpleUnitFrames/Locales/zhTW.lua	fb25075f41f48ee01bdce09fad20016028c10db9
MidnightSimpleUnitFrames/MidnightSimpleUnitFrames_Mainline.toc	64d6146db146bf1a0b664290d7fd94acb95abfb6
MidnightSimpleUnitFrames/Runtime/MSUF_BarBackgroundRuntime.lua	6673980032ffe84c1f36c962c763f00feff269d8
MidnightSimpleUnitFrames/Runtime/MSUF_BorderStyles.lua	bd20da28c20c3c960801a12a6a296dc4cfe3d38f
MidnightSimpleUnitFrames/Runtime/MSUF_Colors.lua	4379f78d109deb89ffbcc2cf16155830ab8fcdde
MidnightSimpleUnitFrames/Runtime/MSUF_FontRegistry.lua	1c3a3730cd2b23cfc647e4c77c6e4af0ee6be5bd
MidnightSimpleUnitFrames/Runtime/MSUF_FontRuntime.lua	e737bdfafcf1d2df6e91ca7feda853dea81aff40
MidnightSimpleUnitFrames/Runtime/MSUF_IconLayoutRuntime.lua	94044b05d5ca7bba0ea73762b0d4d1a5f5c3d685
MidnightSimpleUnitFrames/Runtime/MSUF_SlashCommands.lua	949305c75ab2d05f79e76f6e757de6ecbaa20bb7
MidnightSimpleUnitFrames/Runtime/MSUF_TooltipSpellIDs.lua	2022c2b06766e9234dbfbffad1fcb462193add46
MidnightSimpleUnitFrames/Runtime/MSUF_UIScaleRuntime.lua	7c422f295a372e3a6404453fc873570d3fd51fae
MidnightSimpleUnitFrames/Runtime/MSUF_UnitTooltips.lua	225a42cd9e4cbce4c77b366fd478f951cff4ab79
MidnightSimpleUnitFrames/Runtime/MSUF_WelcomeMessage.lua	d0c15b5bef21a2fb92d4e6cbe42920d5fb35f644
MidnightSimpleUnitFrames/Shell/EditMode/MSUF_EditMode_AuraPopup.lua	99d575dcdf683ee07dc262afa47f21d41f59979e
MidnightSimpleUnitFrames/Shell/EditMode/MSUF_EditMode_Blizzard.lua	b5b7f84c4dcd7e770a40012b3b25d32a4f65a558
MidnightSimpleUnitFrames/Shell/EditMode/MSUF_EditMode_CastPopup.lua	b067f26b7071609cf9826f5beddda415e40863a7
MidnightSimpleUnitFrames/Shell/EditMode/MSUF_EditMode_Core.lua	aa60eb9d29d5df4b3871c369d23cc83a7083b394
MidnightSimpleUnitFrames/Shell/EditMode/MSUF_EditMode_ExternalMovement.lua	26bfd6e7281443cf97000287892817b52dc0dfe4
MidnightSimpleUnitFrames/Shell/EditMode/MSUF_EditMode_ExternalProvider.lua	cdb55b172d155b6341d4a9d596b0b4a3e10d461e
MidnightSimpleUnitFrames/Shell/EditMode/MSUF_EditMode_Focus.lua	93195c1b535228a9c606a2d8753c21c050bcbbdf
MidnightSimpleUnitFrames/Shell/EditMode/MSUF_EditMode_Logo.lua	044d455aeb938601df93bd3d18e572d32ff5ee96
MidnightSimpleUnitFrames/Shell/EditMode/MSUF_EditMode_Movers.lua	5baec75378f03a0786e2396489d4c4751638903d
MidnightSimpleUnitFrames/Shell/EditMode/MSUF_EditMode_PopupScale.lua	4223df53928b7ceaaf033598c3f7622bfe2ac137
MidnightSimpleUnitFrames/Shell/EditMode/MSUF_EditMode_Popups.lua	af680f27d14b87ec334564ffc355f10922cf02a3
MidnightSimpleUnitFrames/Shell/MSUF_GameMenu.lua	750f923e21f16addc80fa3b018369828cfbd0178
MidnightSimpleUnitFrames/Shell/MSUF_MinimapButton.lua	a64a1f43f0933196700e51ee71f0654e23d0d501
MidnightSimpleUnitFrames/Shell/UI/EditMode/MSUF_EditMode_HUD.lua	880549ea27dbf34abb7492eaf0ba2944d0c02825
MidnightSimpleUnitFrames/Shell/UI/EditMode/MSUF_EditMode_Layout.lua	c171ddb77f774163b6cc1f7e746e390c5524bf39
MidnightSimpleUnitFrames/Shell/UI/MSUF_AnchorPicker.lua	517fe83ab79d6a5e6085bd388c55f6d8782cdf3b
MidnightSimpleUnitFrames/Shell/UI/MSUF_EditPopupUI.lua	144ed9167c01782ecc1b50efc95d3f585abf8343
MidnightSimpleUnitFrames/Shell/UI/MSUF_MapkoSkin.lua	f9bdd2d59b935372d4e52408669a80bdfc76be71
MidnightSimpleUnitFrames/Shell/UI/MSUF_Style.lua	59f8a6634ca47db31a9231d8163188ae7fd9ce3c
MidnightSimpleUnitFrames/Shell/UI/MSUF_Widgets.lua	e506eac3242fbbfaf7472ec903fb0e69cd0e6b2c
MidnightSimpleUnitFrames/State/MSUF_Changelog.lua	cbc6d2d1d1d575b1723a4da9dcea27d85587dfee
MidnightSimpleUnitFrames/State/MSUF_Defaults.lua	ff8f411b7af04b461688c11dae9f77c707dddb50
MidnightSimpleUnitFrames/State/MSUF_FirstLoad.lua	b6daee76c7f3ff0894a727038274e9ad0140aca3
MidnightSimpleUnitFrames/State/MSUF_ProfileCodec.lua	d5e3e14a1d1e73f9fbf1a0d613c5dde3524ed18a
MidnightSimpleUnitFrames/State/MSUF_ProfileRuntime.lua	5539454a014c96ca5c005e7394ea96a37d045a8d
MidnightSimpleUnitFrames/State/MSUF_Profiles.lua	3eaa4e931e38ad1c8eb7b0f5fa5b51642e7600f8
MidnightSimpleUnitFrames/State/MSUF_UpgradeHighlights.lua	b6937478d84d2e56fa5e90e17c968fbf0be350f9
MidnightSimpleUnitFrames/UnitFrames/Effects/MSUF_UF_RoundedFrames.lua	643e1804b96e5089675d7d94fe0bb4f4634447b3
MidnightSimpleUnitFrames/UnitFrames/Effects/MSUF_UF_TextureLayer.lua	f546992e9ebdc103209f294934a4985c002f2915
MidnightSimpleUnitFrames/UnitFrames/Embeds/MSUF_UFCore/MSUF_UFCore_Elements.xml	ab90e58d5a6d96e75894d9cf6ae573208c0db0b3
MidnightSimpleUnitFrames/UnitFrames/Engine/Elements/MSUF_UF_BossTargetIndicator.lua	0de61bb553b605daa07ff2c315633b17802daa17
MidnightSimpleUnitFrames/UnitFrames/Engine/Elements/MSUF_UF_Elements_Alpha.lua	c44ec2e7c9542ff6af12740a45a26c55d4ff5f3b
MidnightSimpleUnitFrames/UnitFrames/Engine/Elements/MSUF_UF_Elements_BarsCommon.lua	b907c06852c1340fd3a41c46280d0549aa038d55
MidnightSimpleUnitFrames/UnitFrames/Engine/Elements/MSUF_UF_Elements_Borders.lua	1e869973c305bf45c5a8fb7ed373fd0fb775b559
MidnightSimpleUnitFrames/UnitFrames/Engine/Elements/MSUF_UF_Elements_Bridges.lua	64c86e58d913049f9f73143c2d5bd6669a6f69e0
MidnightSimpleUnitFrames/UnitFrames/Engine/Elements/MSUF_UF_Elements_Health.lua	80d70133d94394f6a11743e64b5d4e92cbbe229d
MidnightSimpleUnitFrames/UnitFrames/Engine/Elements/MSUF_UF_Elements_LoadConditions.lua	f6b438dd20a1b945a39411d9810b502f4f06c113
MidnightSimpleUnitFrames/UnitFrames/Engine/Elements/MSUF_UF_Elements_Portrait.lua	904459907cb7aaa19f572abbf8935e76af6995cb
MidnightSimpleUnitFrames/UnitFrames/Engine/Elements/MSUF_UF_Elements_Power.lua	d6c2987a1cb525fbef11c9e5c497775518e13f70
MidnightSimpleUnitFrames/UnitFrames/Engine/Elements/MSUF_UF_Elements_Prediction.lua	cf1fe98b8596c3f42752d947c3291d327f48756f
MidnightSimpleUnitFrames/UnitFrames/Engine/Elements/MSUF_UF_Elements_Status.lua	10295119bc190d07479eccac3ad5f3c5fdffa19c
MidnightSimpleUnitFrames/UnitFrames/Engine/Elements/MSUF_UF_Elements_TempMaxHealth.lua	27407d764a1f73ee61be1fbcde4c213f6e284ae1
MidnightSimpleUnitFrames/UnitFrames/Engine/Elements/MSUF_UF_Highlight.lua	0cf013385e32a759c90e2be2a4bd3eac6a85de50
MidnightSimpleUnitFrames/UnitFrames/Engine/Elements/MSUF_UF_Text_Common.lua	8731fbe07b86368ba01329ad3b3a03d64e36148d
MidnightSimpleUnitFrames/UnitFrames/Engine/Elements/MSUF_UF_Text_Layout.lua	254ece2a676868ee1d9e3e37aa16544f93e1bcae
MidnightSimpleUnitFrames/UnitFrames/Engine/Elements/MSUF_UF_Text_Runtime.lua	7c29227d964b917d3eeb1c9ebc6ca11701ac4b38
MidnightSimpleUnitFrames/UnitFrames/Engine/Elements/MSUF_UF_Visuals_Common.lua	653942fd5f1e18ef0a0f86bd0164ebd604c4c3e2
MidnightSimpleUnitFrames/UnitFrames/Engine/Group/MSUF_UF_Group_Blizzard.lua	914ad15e3127f2c4dfea8569f1b799eb57d21556
MidnightSimpleUnitFrames/UnitFrames/Engine/Group/MSUF_UF_Group_Config.lua	3b2465a2b9beb82b32df21a68dbf29e7c3a71259
MidnightSimpleUnitFrames/UnitFrames/Engine/Group/MSUF_UF_Group_EM2.lua	6c376d320dee59cb28dce03fc365f53bb4e38981
MidnightSimpleUnitFrames/UnitFrames/Engine/Group/MSUF_UF_Group_Headers.lua	c8b2672201fb67743fb627a6f176317bd0aa7cd6
MidnightSimpleUnitFrames/UnitFrames/Engine/Group/MSUF_UF_Group_Indicators.lua	78fbe1a1c7a52f6601d68276ee0829ac51e79ae4
MidnightSimpleUnitFrames/UnitFrames/Engine/Group/MSUF_UF_Group_Preview.lua	1fe33dd9fd44b3e2e3eab4ad30b3ca7e0a15adff
MidnightSimpleUnitFrames/UnitFrames/Engine/Group/MSUF_UF_Group_Runtime.lua	2a22356200c544e764cadb966c31bb19945a8783
MidnightSimpleUnitFrames/UnitFrames/Engine/Group/MSUF_UF_Group_SpellIndicators_Data.lua	4b09d89d96aca790076a4face958851fc2a40f75
MidnightSimpleUnitFrames/UnitFrames/Engine/Group/MSUF_UF_Group_Visuals.lua	743161a21f1b417a92c5253a43206eb21e553003
MidnightSimpleUnitFrames/UnitFrames/Engine/MSUF_UF_Config.lua	adb00fe1c36285d64b31179e82e7ecb5b2ae6b53
MidnightSimpleUnitFrames/UnitFrames/Engine/MSUF_UF_Factory.lua	3b8b3ea6474b0ad6ce9a89af651877986dadfe13
MidnightSimpleUnitFrames/UnitFrames/Engine/MSUF_UF_PreviewAnimation.lua	ad89b92ea6fe94ab2b01700fa09069b57624f988
MidnightSimpleUnitFrames/UnitFrames/Engine/MSUF_UF_Shared.lua	f6a5490cf5dcecf4d7556fad3a5ed26c53305c64
MidnightSimpleUnitFrames/UnitFrames/Range/MSUF_UF_RangeFade.lua	64409d1150f662a9eceae5288403ce8e502c336b
MidnightSimpleUnitFrames_Assistant/Assistant/MSUF_Assistant.lua	63924279cc66850703e16e8990be2d7eb1cbdbbe
MidnightSimpleUnitFrames_Assistant/Assistant/MSUF_AssistantAudit.lua	aa9af78761fb8d0e2829d8a09089cad392afb8ce
MidnightSimpleUnitFrames_Assistant/Assistant/MSUF_AssistantControlSchema.lua	8b31e09f524e872a4b5e479f26a354804cd32000
MidnightSimpleUnitFrames_Assistant/Assistant/MSUF_AssistantControlSchema_Data.lua	1528e695f9d0a81f01c2fd238eea6976051e64ee
MidnightSimpleUnitFrames_Assistant/Assistant/MSUF_AssistantKnowledge.lua	767756a3643ee4461019dd100dbc262cf195d4eb
MidnightSimpleUnitFrames_Assistant/Assistant/MSUF_AssistantParser.lua	06a22593461942d1361f3f5a3924f12a655950c2
MidnightSimpleUnitFrames_Assistant/Assistant/MSUF_AssistantParser_Actions.lua	c99e230967b38b45ef2c19025d2d46ad146ea4a1
MidnightSimpleUnitFrames_Assistant/Assistant/MSUF_AssistantParser_Actions_Data.lua	cd5aa58fa08ef00aa3f438b89c98bab743d9367f
MidnightSimpleUnitFrames_Assistant/Assistant/MSUF_AssistantParser_AuraFiltering.lua	36e805550eb566dc611c4de239578dc8c063ff81
MidnightSimpleUnitFrames_Assistant/Assistant/MSUF_AssistantParser_Auras.lua	b025e00bce49e1fff5deb00907019ba07f36e6dd
MidnightSimpleUnitFrames_Assistant/Assistant/MSUF_AssistantParser_Auras_Data.lua	d9fe678f5ee055840dfab968829fb46dba802c43
MidnightSimpleUnitFrames_Assistant/Assistant/MSUF_AssistantParser_Compound.lua	9be0bc0a8360f3a417fd7b1548f17c370273dafc
MidnightSimpleUnitFrames_Assistant/Assistant/MSUF_AssistantParser_Compound_Data.lua	cd235bdbfef41b3bfe25603220c779b25ed1f8dd
MidnightSimpleUnitFrames_Assistant/Assistant/MSUF_AssistantParser_Core.lua	76f3d2a855c9b77843ba41245828b19358d71181
MidnightSimpleUnitFrames_Assistant/Assistant/MSUF_AssistantParser_Core_Data.lua	526abf4dcc60cf01dfa522390acb4301424fc4d1
MidnightSimpleUnitFrames_Assistant/Assistant/MSUF_AssistantParser_Data.lua	c1febaa168d761b9052b7be38ed9dca26714a229
MidnightSimpleUnitFrames_Assistant/Assistant/MSUF_AssistantParser_Features.lua	2825166c7d156a5c3e1b19f5c1c7e33a719ad30d
MidnightSimpleUnitFrames_Assistant/Assistant/MSUF_AssistantParser_Geometry.lua	288c7448c66e0db75aae7269de7a7ce3675f6901
MidnightSimpleUnitFrames_Assistant/Assistant/MSUF_AssistantParser_Geometry_Data.lua	544596503610d828731e96c4f9affc61b1d23db7
MidnightSimpleUnitFrames_Assistant/Assistant/MSUF_AssistantParser_Geometry_Text_Data.lua	af512e9253c9bc27f38d5004f36cb6665e898069
MidnightSimpleUnitFrames_Assistant/Assistant/MSUF_AssistantParser_Profiles_Data.lua	b46e71f07b4549a6ce0edfd99a01257b305bd2b4
MidnightSimpleUnitFrames_Assistant/Assistant/MSUF_AssistantParser_Registry.lua	5e092a615bf73251052ddaef61d08f83adc24bdc
MidnightSimpleUnitFrames_Assistant/Assistant/MSUF_AssistantParser_Registry_Data.lua	d27d97f776dfaf0744c19455ef9a10d5dbba0b29
MidnightSimpleUnitFrames_Assistant/Assistant/MSUF_AssistantParser_Registry_ExactAlias_Data.lua	ab8eb98a6a695a4afccf69c46bece669e1d376c8
MidnightSimpleUnitFrames_Assistant/Assistant/MSUF_AssistantRegistry_ActionInputs.lua	db2576b4f33cb2bea042db1f9d0d86bad14b4f5e
MidnightSimpleUnitFrames_Assistant/Assistant/MSUF_AssistantRegistry_AurasActions.lua	bf3d7859eadfdabf47ec630d3702a24a1e440272
MidnightSimpleUnitFrames_Assistant/Assistant/MSUF_AssistantRegistry_AurasActions_Blacklist.lua	0358d7879ede180af9fb742611bcbbc1bdfed9e3
MidnightSimpleUnitFrames_Assistant/Assistant/MSUF_AssistantRegistry_AurasActions_Blacklist_Summary.lua	b8db9af751f0a4c60d7d4e930d5db27949dd00f8
MidnightSimpleUnitFrames_Assistant/Assistant/MSUF_AssistantRegistry_AurasActions_Parsers.lua	e2ed08d3d31ab108fdd67b4342314cb7189a1526
MidnightSimpleUnitFrames_Assistant/Assistant/MSUF_AssistantRegistry_AurasActions_Parsers_Blacklist.lua	f84d6504df1c2999c8575c14701f1d9f24bb6b93
MidnightSimpleUnitFrames_Assistant/Assistant/MSUF_AssistantRegistry_AurasGroupActions_Parsers.lua	fbaeae3f8728638438103f0b183974456962e83b
MidnightSimpleUnitFrames_Assistant/Assistant/MSUF_AssistantRegistry_AurasGroupActions_Parsers_DirectHelpers.lua	f1181450e33d4dcde108d193e554331ee73dbdec
MidnightSimpleUnitFrames_Assistant/Assistant/MSUF_AssistantRegistry_AurasUnitLanes.lua	da5402faeea108ce514da902c09a1079bbe8f6d3
MidnightSimpleUnitFrames_Assistant/Assistant/MSUF_AssistantRegistry_Auras_Data.lua	6ce50bbc5294d15484e9bb9d6b89880d0b665144
MidnightSimpleUnitFrames_Assistant/Assistant/MSUF_AssistantRegistry_Auras_Menu_Blacklist.lua	c662e9df59cce078120a614a9374b4a657abd414
MidnightSimpleUnitFrames_Assistant/Assistant/MSUF_AssistantRegistry_AutoCoverage.lua	7c8a543e58a62e441f28d5f36eddac943511d289
MidnightSimpleUnitFrames_Assistant/Assistant/MSUF_AssistantRegistry_AutoCoverage_Manifest.lua	d5e88a58975e9277202a8192b5ef6ec7be87bdb5
MidnightSimpleUnitFrames_Assistant/Assistant/MSUF_AssistantRegistry_Castbars.lua	92f68e4a3f191262db21b1c4a12606ab681a5c63
MidnightSimpleUnitFrames_Assistant/Assistant/MSUF_AssistantRegistry_Castbars_Actions.lua	05144d9a9081b94d485227157e78ded53a9d7cff
MidnightSimpleUnitFrames_Assistant/Assistant/MSUF_AssistantRegistry_Castbars_Appearance_Interrupts.lua	cfc0621ffccaa53fdcc875f2ad2b1bb6f3f8aa86
MidnightSimpleUnitFrames_Assistant/Assistant/MSUF_AssistantRegistry_Castbars_Core.lua	3f3e8be780c7d6b637ec53240ee7d30553e810ee
MidnightSimpleUnitFrames_Assistant/Assistant/MSUF_AssistantRegistry_Castbars_Core_Data.lua	42529a814cb53c459f25f3ab3568b9701749ad35
MidnightSimpleUnitFrames_Assistant/Assistant/MSUF_AssistantRegistry_Castbars_Details.lua	87786440aa9b7a22c4096488c4d9069244d71a87
MidnightSimpleUnitFrames_Assistant/Assistant/MSUF_AssistantRegistry_Castbars_Units.lua	d2148aebea5acb82754486236cdfff6ae4e2f214
MidnightSimpleUnitFrames_Assistant/Assistant/MSUF_AssistantRegistry_Core_Apply_Auras.lua	5621bc16f3fdc9296f6d896964f17a558432fb2b
MidnightSimpleUnitFrames_Assistant/Assistant/MSUF_AssistantRegistry_Core_Apply_Domains.lua	fe69935e73c23fe853b00f8653c5232ca1172dc6
MidnightSimpleUnitFrames_Assistant/Assistant/MSUF_AssistantRegistry_Core_Data.lua	8e854b30b630ed1fd922c47a58ad04df0637b393
MidnightSimpleUnitFrames_Assistant/Assistant/MSUF_AssistantRegistry_Core_UnitAuras.lua	6721a83c49463ad81f00e030f075e0d506d1b80f
MidnightSimpleUnitFrames_Assistant/Assistant/MSUF_AssistantRegistry_Core_UnitAuras_Advanced.lua	aff5b562d7055310b527d37848e1a6a2179fab25
MidnightSimpleUnitFrames_Assistant/Assistant/MSUF_AssistantRegistry_DiagnosticsActions.lua	db3a4e7b439a56d9c419440d12ab7ebc8607f32b
MidnightSimpleUnitFrames_Assistant/Assistant/MSUF_AssistantRegistry_DiagnosticsActions_Navigation.lua	435aaf52c09579db69933f78fc3c7aabdc9a5bab
MidnightSimpleUnitFrames_Assistant/Assistant/MSUF_AssistantRegistry_Diagnostics_Auras.lua	a1c1e1666d2be161638a39a5e14c5067d5ae96fb
MidnightSimpleUnitFrames_Assistant/Assistant/MSUF_AssistantRegistry_Diagnostics_Auras_Filters.lua	2295d7142e37deaa94e0c01ab2f290f2bfbffba8
MidnightSimpleUnitFrames_Assistant/Assistant/MSUF_AssistantRegistry_Diagnostics_Frames.lua	48b9fa9bacb86d969db0d2a5884b0e3e0506cd7c
MidnightSimpleUnitFrames_Assistant/Assistant/MSUF_AssistantRegistry_Diagnostics_ScopeHelp.lua	710fa0f0692fd2a61d7e8880db87ceb0e61c3af5
MidnightSimpleUnitFrames_Assistant/Assistant/MSUF_AssistantRegistry_GlobalColorSettings_Auras.lua	f6848e591ede15acb2a9881f0828205c3cae7f60
MidnightSimpleUnitFrames_Assistant/Assistant/MSUF_AssistantRegistry_GlobalColorSettings_Castbars.lua	54dab7aab7b90c85223ded7ab03861a7b35fc56c
MidnightSimpleUnitFrames_Assistant/Assistant/MSUF_AssistantRegistry_GlobalFontSettings_Data.lua	1a100e893be3bce6fef3b4635f41ca8082203bb6
MidnightSimpleUnitFrames_Assistant/Assistant/MSUF_AssistantRegistry_Global_BaseSettings.lua	f644b285b0ece58cd386b7c9c8a0f3ccfd9c0b5d
MidnightSimpleUnitFrames_Assistant/Assistant/MSUF_AssistantRegistry_Unitframes.lua	7de454927417cee4bb339add9c4c720e8f38d90c
MidnightSimpleUnitFrames_Assistant/Assistant/MSUF_AssistantRegistry_Unitframes_Base.lua	fc58fbbb3cf9759f3fc4f26dea392318d9c136ea
MidnightSimpleUnitFrames_Assistant/Assistant/MSUF_AssistantRegistry_Unitframes_Core.lua	a11a47b4e84b9d2d6da04e10e9064f1c2231564d
MidnightSimpleUnitFrames_Assistant/Assistant/MSUF_AssistantRegistry_Unitframes_CoreLoop.lua	0e49a95b13403b103d04c683fc74ef61a5df10d5
MidnightSimpleUnitFrames_Assistant/Assistant/MSUF_AssistantRegistry_Unitframes_Core_Status.lua	0973f5a95999dcf3facc4c6a05927b74e5f6d36e
MidnightSimpleUnitFrames_Assistant/Assistant/MSUF_AssistantRegistry_Unitframes_Power.lua	56c7e9fd56b6ad17414e5ad3171a30dda87fce88
MidnightSimpleUnitFrames_Assistant/Assistant/MSUF_AssistantRegistry_Unitframes_Special.lua	51d734139c8f2f1437c7bc142326a4828377ed39
MidnightSimpleUnitFrames_Assistant/Assistant/MSUF_AssistantRegistry_Unitframes_Transparency.lua	2921e9e3a42c3121f07a4e8ac54e5a5a22d9fece
MidnightSimpleUnitFrames_Assistant/Assistant/MSUF_AssistantRouter.lua	6bd186149ff8b15d20a6ad0f0cd171842cf3b400
MidnightSimpleUnitFrames_Assistant/Assistant/MSUF_AssistantSettingGraph.lua	70844abb04d49d79c58ff4fdd8771a3d69dbf965
MidnightSimpleUnitFrames_Assistant/Assistant/MSUF_AssistantSettingGraph_Data.lua	8cecf279ae045185d3071459833468df8ca71deb
MidnightSimpleUnitFrames_Assistant/MidnightSimpleUnitFrames_Assistant_Mainline.toc	9436329940c65faeeacfd1dce144885774ff90bc
MidnightSimpleUnitFrames_Options/MSUF_OptionsLOD_Bootstrap.lua	ba9819259115431e21e9ca685e36de13b54366a2
MidnightSimpleUnitFrames_Options/MidnightSimpleUnitFrames_Options_Mainline.toc	5575a93c10278a62dc552aa95d04a7ff398a65ae
MidnightSimpleUnitFrames_Options/Shell/Menu2/MSUF_AssistantBridge.lua	6f8eb67dc90ca0eb85e876ae383acdc4b8e3fb9c
MidnightSimpleUnitFrames_Options/Shell/Menu2/MSUF_Menu2.xml	92cdf070de6a346d5579e42bc2631db5e328b073
MidnightSimpleUnitFrames_Options/Shell/Menu2/MSUF_Menu2_ApplyService.lua	4bdfaba461796d9d7ca114d1ab52c6d8af524a67
MidnightSimpleUnitFrames_Options/Shell/Menu2/MSUF_Menu2_Bindings.lua	01f86ad033cac1a8197306813a22c3e0287bd024
MidnightSimpleUnitFrames_Options/Shell/Menu2/MSUF_Menu2_Bindings_History.lua	5a9ba4c5d22e47747e81e431daa500671ae472f2
MidnightSimpleUnitFrames_Options/Shell/Menu2/MSUF_Menu2_Bindings_Reset.lua	be64b24aa958ab7fe0fffd62c2c5c6deba9c84b6
MidnightSimpleUnitFrames_Options/Shell/Menu2/MSUF_Menu2_Changelog.lua	647bd1a6adbb8429ebaa0c69630aa405916918ee
MidnightSimpleUnitFrames_Options/Shell/Menu2/MSUF_Menu2_ContextColorPicker.lua	997e89b9ae962acbaedbf65b70cb958dc186d8cd
MidnightSimpleUnitFrames_Options/Shell/Menu2/MSUF_Menu2_ControlCatalog.lua	6a6f09c53946a25ea645420707f304aa5b42c54b
MidnightSimpleUnitFrames_Options/Shell/Menu2/MSUF_Menu2_Dashboard.lua	8cf45963b6707a7342a204ae4a505f81072f0f70
MidnightSimpleUnitFrames_Options/Shell/Menu2/MSUF_Menu2_Dropdowns.lua	f881bf6d961aa0314ca467182ab73f4ae3fcbb69
MidnightSimpleUnitFrames_Options/Shell/Menu2/MSUF_Menu2_FirstLoad.lua	b5bc623b803740e715eda44a37c6c59320900370
MidnightSimpleUnitFrames_Options/Shell/Menu2/MSUF_Menu2_GuidedTour.lua	b75f856405d2a7463f50c11ddb55382d621bb990
MidnightSimpleUnitFrames_Options/Shell/Menu2/MSUF_Menu2_LayerOverview.lua	9c474e543dd4fcb20fde09f0a546803bcb4704cc
MidnightSimpleUnitFrames_Options/Shell/Menu2/MSUF_Menu2_NavRail.lua	0cd45aad51a0428622e084800548b72c3876b2b1
MidnightSimpleUnitFrames_Options/Shell/Menu2/MSUF_Menu2_Navigation.lua	81706447d8644b86915d5ecc928d3dcea1705c1d
MidnightSimpleUnitFrames_Options/Shell/Menu2/MSUF_Menu2_PageLifecycle.lua	b1e2bad8630e622ddc47c8e98cf172d3f5a60f75
MidnightSimpleUnitFrames_Options/Shell/Menu2/MSUF_Menu2_PagePreviews.lua	315e28773c4a2cd4cac656a03bdcd731eebf56b1
MidnightSimpleUnitFrames_Options/Shell/Menu2/MSUF_Menu2_PreviewHelpers.lua	e7da9a86c73e0ab281d92958cceeaf742b1296f0
MidnightSimpleUnitFrames_Options/Shell/Menu2/MSUF_Menu2_PreviewSelectionBar.lua	d17693260e4b7af9944ac15539de71ea28cb6a43
MidnightSimpleUnitFrames_Options/Shell/Menu2/MSUF_Menu2_SearchPalette.lua	88c7f4e613b10b7ac53e7eb6c80e72903ecee1bc
MidnightSimpleUnitFrames_Options/Shell/Menu2/MSUF_Menu2_State.lua	0da58ab42017cc76e48197012d8e29e445f75846
MidnightSimpleUnitFrames_Options/Shell/Menu2/MSUF_Menu2_Support.lua	3e253e9c019f4782c1280c233a25b6c2fe07dde5
MidnightSimpleUnitFrames_Options/Shell/Menu2/MSUF_Menu2_Theme.lua	5c48befc4dee229fd913b60caa3ac4babbb315f0
MidnightSimpleUnitFrames_Options/Shell/Menu2/MSUF_Menu2_Theme_Tokens.lua	8145eec98c2e12c625b7d7eeb48a99b5d1c1b81a
MidnightSimpleUnitFrames_Options/Shell/Menu2/MSUF_Menu2_UpgradeHighlights.lua	f95cd5773f8510a72d34758759168680af55b693
MidnightSimpleUnitFrames_Options/Shell/Menu2/MSUF_Menu2_Widgets.lua	7cd41a3d8d667e6aa7d40b650a9a6dad8bab43f3
MidnightSimpleUnitFrames_Options/Shell/Menu2/MSUF_Menu2_Window.lua	b94926835eb0e5af335eb35da58fa4c613e2ea2e
MidnightSimpleUnitFrames_Options/Shell/Menu2/MSUF_Menu2_WindowControls.lua	b4fc4b6f73b94f35763335ea0b857d90f39f331d
MidnightSimpleUnitFrames_Options/Shell/Menu2/MSUF_Menu2_Window_PageEntry.lua	c470952e66ab0ddcc70d1bcc377fde2dda9a11f0
MidnightSimpleUnitFrames_Options/Shell/Menu2/MSUF_Menu2_Window_PageNavigation.lua	3a727dc4a1920fdb8873af51843343ddfc373292
MidnightSimpleUnitFrames_Options/Shell/Menu2/Pages/MSUF_Menu2_AdvancedClassPower.lua	bbadb1db9de4ac23e8d70a0f35c8b4fd1475c66c
MidnightSimpleUnitFrames_Options/Shell/Menu2/Pages/MSUF_Menu2_AdvancedColors.lua	6cb324201509a010dc81a441b1db5e2a72e53ad0
MidnightSimpleUnitFrames_Options/Shell/Menu2/Pages/MSUF_Menu2_AdvancedColors_Context.lua	abb753d9852401f0417ef63b35c31086e7480984
MidnightSimpleUnitFrames_Options/Shell/Menu2/Pages/MSUF_Menu2_AdvancedColors_Meta.lua	902462d81c993ec03445dfaad3ccf7bdd5a0fcef
MidnightSimpleUnitFrames_Options/Shell/Menu2/Pages/MSUF_Menu2_AdvancedColors_Resources.lua	aab513ae5dec2350f8575f46cbaf4761420550d6
MidnightSimpleUnitFrames_Options/Shell/Menu2/Pages/MSUF_Menu2_AdvancedGameplay.lua	05cc5f8f6545787e4bf660369ad7cd81ab1dee2d
MidnightSimpleUnitFrames_Options/Shell/Menu2/Pages/MSUF_Menu2_AdvancedProfiles.lua	9966c61ec3b4b9b78ee1a4aa2750fcaf35b893ef
MidnightSimpleUnitFrames_Options/Shell/Menu2/Pages/MSUF_Menu2_Auras.lua	7356c74e696e08125cf2268b3a633908f5b3f097
MidnightSimpleUnitFrames_Options/Shell/Menu2/Pages/MSUF_Menu2_Auras_CustomWorkspace.lua	996c12dcb73e88b39eadec39333cd47bb7251898
MidnightSimpleUnitFrames_Options/Shell/Menu2/Pages/MSUF_Menu2_Auras_Group.lua	b5c755009b98614d7069238a06f2f1eeb369fa10
MidnightSimpleUnitFrames_Options/Shell/Menu2/Pages/MSUF_Menu2_Auras_Preview.lua	e0246507afb38cd4feda891e91ee332c70ad678e
MidnightSimpleUnitFrames_Options/Shell/Menu2/Pages/MSUF_Menu2_ColorPainter.lua	2684ebf9e3014c2400910132e8c27efd986daee9
MidnightSimpleUnitFrames_Options/Shell/Menu2/Pages/MSUF_Menu2_Global.lua	dc4215bc37cd307ab754b3204c046c3a2d990126
MidnightSimpleUnitFrames_Options/Shell/Menu2/Pages/MSUF_Menu2_GlobalBars.lua	9812175d64dd45617ce7b1d9fd594e8fe5171cdd
MidnightSimpleUnitFrames_Options/Shell/Menu2/Pages/MSUF_Menu2_GlobalCastbars.lua	4d65fa95295b02deacfc79e94c9dd3d6fd4e8518
MidnightSimpleUnitFrames_Options/Shell/Menu2/Pages/MSUF_Menu2_GlobalCastbars_Preview.lua	78a0dbc66e7c3363d9579b4c44ad6c87c053283e
MidnightSimpleUnitFrames_Options/Shell/Menu2/Pages/MSUF_Menu2_GlobalFonts.lua	83236a42200822df867b32a3f600b49fcb857e37
MidnightSimpleUnitFrames_Options/Shell/Menu2/Pages/MSUF_Menu2_GlobalMisc.lua	b40dbc5751277f3e255fe5163d4ce1b84dbb6784
MidnightSimpleUnitFrames_Options/Shell/Menu2/Pages/MSUF_Menu2_Group.lua	5346f652cc8ae7b7629464fea3ec5b3b3b7f2847
MidnightSimpleUnitFrames_Options/Shell/Menu2/Pages/MSUF_Menu2_GroupIndicators.lua	a4a66a3034379aa55b427e8172f1771e5b2b59a5
MidnightSimpleUnitFrames_Options/Shell/Menu2/Pages/MSUF_Menu2_GroupSpecs.lua	66b13ca034d4472335890a0964af85fb85ac9dad
MidnightSimpleUnitFrames_Options/Shell/Menu2/Pages/MSUF_Menu2_Unit.lua	74adb4f345d0702d000f76591c795ebeec4ac6a5
MidnightSimpleUnitFrames_Options/Shell/Menu2/Pages/MSUF_Menu2_UnitDispel.lua	a1adf618b588dcbbcc311259357b142b79418c2b
MidnightSimpleUnitFrames_Options/Shell/Menu2/Pages/MSUF_Menu2_UnitFrameVisuals.lua	abd399006d918211cc7f4e0613014e4abfca5912
MidnightSimpleUnitFrames_Options/Shell/Menu2/Pages/MSUF_Menu2_UnitRangeFade.lua	0e23cadc5808b2fdf4387c966f32f24967cbf777
MidnightSimpleUnitFrames_Options/Shell/Menu2/Pages/MSUF_Menu2_UnitSectionShared.lua	06efaabbefcb3028c2767a4a1d4f808cb9bd71d0
MidnightSimpleUnitFrames_Options/Shell/Menu2/Pages/MSUF_Menu2_UnitSections.lua	466b9a81a1a82243bea82d2d046ce67c02ea971c
MidnightSimpleUnitFrames_Options/Shell/Menu2/Pages/MSUF_Menu2_UnitStatusSection.lua	ed9445f37224c25abf0b329d58c412b2a48ba3df
MidnightSimpleUnitFrames_Options/Shell/Menu2/Pages/MSUF_Menu2_UnitTextureLayer.lua	0e4ddab69ec1782c310421a8f1c27eea76b7121e
MidnightSimpleUnitFrames_Options/Shell/Menu2/Preview/MSUF_Menu2_ClassPowerPreview.lua	40a58a46368ec3a583ac3c867f5f4c6bf16bbbf2
MidnightSimpleUnitFrames_Options/Shell/Menu2/Preview/MSUF_Menu2_ClassPowerPreview_Interaction.lua	d99d6b459d86305c829d7c4e482fa8d09e772b40
MidnightSimpleUnitFrames_Options/Shell/Menu2/Preview/MSUF_Menu2_GroupPreview_Handles.lua	6d80283e0a9a894384d4cd432432088b23bb62cb
MidnightSimpleUnitFrames_Options/Shell/Menu2/Preview/MSUF_Menu2_GroupPreview_Native.lua	da7045313a990204be85dc8d5e5f54fecb328c42
MidnightSimpleUnitFrames_Options/Shell/Menu2/Preview/MSUF_Menu2_GroupPreview_Render.lua	5d92695cb913cf34e23f8e1366b69f4d2731cd1c
MidnightSimpleUnitFrames_Options/Shell/Menu2/Preview/MSUF_Menu2_GroupPreview_Rounded.lua	6049673f24212b376b501a5b472ab88f93da5cf2
MidnightSimpleUnitFrames_Options/Shell/Menu2/Preview/MSUF_Menu2_UnitPreview_Auras.lua	4eeac6f4dac01093526f03b591701471dd2af3f3
MidnightSimpleUnitFrames_Options/Shell/Menu2/Preview/MSUF_Menu2_UnitPreview_Castbar.lua	35c7284f6b0deba8898e451b871cef1d469a5d8d
MidnightSimpleUnitFrames_Options/Shell/Menu2/Preview/MSUF_Menu2_UnitPreview_Core.lua	084ca27c8dbc1c5f1350aafc56573558a0adf42e
MidnightSimpleUnitFrames_Options/Shell/Menu2/Preview/MSUF_Menu2_UnitPreview_Model.lua	70232c087eb0e4657bbff4c94f5432c421b111e7
MidnightSimpleUnitFrames_Options/Shell/Menu2/Preview/MSUF_Menu2_UnitPreview_Render.lua	776ae4f51bec75314f998ceb65ba4031e2346ac2
MidnightSimpleUnitFrames_Options/Shell/Menu2/Preview/MSUF_Menu2_UnitPreview_Runtime.lua	952191b239cde0fcafd1e56ed199bb5b7403d33f
MidnightSimpleUnitFrames_Options/Shell/Menu2/Preview/MSUF_Menu2_UnitPreview_Specs.lua	29b6abdcc35cea6c8bf5fdfd73e738bfcdf09d66
MidnightSimpleUnitFrames_Options/Shell/Menu2/Preview/MSUF_Menu2_UnitPreview_Status.lua	6d2010323f32b8711e3fb05ca745e1b52a86609a
MidnightSimpleUnitFrames_Options/Shell/Menu2/Preview/MSUF_Menu2_UnitPreview_View.lua	b870b4c4dff523fb79e08126a9667491b1bb7562
MidnightSimpleUnitFrames_Options/Shell/Menu2/Preview/MSUF_Menu2_UnitPreview_View_Chrome.lua	e9551860889f29961175a1e6b117a194e19bcf47
MidnightSimpleUnitFrames_Options/Shell/Menu2/Preview/MSUF_Menu2_UnitPreview_View_Handles.lua	d74c79d81aa130fe4ce3dbf85940cf07c996682d
MidnightSimpleUnitFrames_Options/Shell/Menu2/Search/MSUF_Menu2_Search_IndexQuery.lua	38b1536e0c074dfa30717345088773e3415c77c8
MidnightSimpleUnitFrames_Options/Shell/Menu2/Search/MSUF_Menu2_Search_Keywords.lua	f941fe48812e29247e2a18c430cb07c405dc135a
MidnightSimpleUnitFrames_Options/Shell/Menu2/Search/MSUF_Menu2_Search_QueryAliases.lua	b318c2b91decb457e197ec1449436152c46b74ac
MidnightSimpleUnitFrames_Options/Shell/Menu2/Search/MSUF_Menu2_Search_Routing.lua	9983510b0da1a11dc77a461b6f775571c73aa778
MidnightSimpleUnitFrames_Options/Shell/Menu2/Search/MSUF_Menu2_Search_StaticIndex_Data.lua	356909fbe54087210ba705c1633177d506d69c70
MidnightSimpleUnitFrames_Options/State/MSUF_ChangelogFull.lua	ab1a031fca8f486f70488cb16128c481982e71e3
