# Unresolved _G.MSUF_* reads (tools/tests/global_links_smoke.lua). Kinds: dynamic (defined at run time; Evidence path::literal must hold), external (another addon), dead (owner still has to fix). Rows only shrink.
Name	Kind	Owner	Evidence	Reason
MSUF_AggroBorderTestMode	dynamic	A-C4	MidnightSimpleUnitFrames/UnitFrames/Engine/Elements/MSUF_UF_Elements_Borders.lua::SetBorderTestMode("MSUF_AggroBorderTestMode", "MSUF_AggroBorderTestScope"	test flag written through _G[flag] by SetBorderTestMode
MSUF_AggroBorderTestScope	dynamic	A-C4	MidnightSimpleUnitFrames/UnitFrames/Engine/Elements/MSUF_UF_Elements_Borders.lua::SetBorderTestMode("MSUF_AggroBorderTestMode", "MSUF_AggroBorderTestScope"	test flag written through _G[flag] by SetBorderTestMode
MSUF_ArenaCastbar1	dynamic	A-C2	MidnightSimpleUnitFrames/Castbars/MSUF_ArenaCastbars.lua::framePrefix = "MSUF_ArenaCastbar"	castbar frame named from the pool descriptor's prefix and index
MSUF_ArenaCastbarPreview1	dynamic	A-C2	MidnightSimpleUnitFrames/Castbars/MSUF_ArenaCastbars_Preview.lua::namePrefix = "MSUF_ArenaCastbarPreview"	preview frame named from the descriptor prefix and its index (MSUF_CastbarPoolPreviews)
MSUF_BossCastbar1	dynamic	A-C2	MidnightSimpleUnitFrames/Castbars/MSUF_BossCastbars.lua::framePrefix = "MSUF_BossCastbar"	castbar frame named from the pool descriptor's prefix and index
MSUF_BossCastbarPreview1	dead	A-C6	-	dead fallback in Edit Mode (CastPopup, Movers), UF_PreviewAnimation and the Menu2 castbar previews: the first boss preview is named MSUF_BossCastbarPreview without an index (the castbar reads are gone)
MSUF_BossTargetBorderTestMode	dynamic	A-C4	MidnightSimpleUnitFrames/UnitFrames/Engine/Elements/MSUF_UF_Elements_Borders.lua::SetBorderTestMode("MSUF_BossTargetBorderTestMode", nil	test flag written through _G[flag] by SetBorderTestMode
MSUF_DispelBorderTestMode	dynamic	A-C4	MidnightSimpleUnitFrames/UnitFrames/Engine/Elements/MSUF_UF_Elements_Borders.lua::SetBorderTestMode("MSUF_DispelBorderTestMode", "MSUF_DispelBorderTestScope"	test flag written through _G[flag] by SetBorderTestMode
MSUF_DispelBorderTestScope	dynamic	A-C4	MidnightSimpleUnitFrames/UnitFrames/Engine/Elements/MSUF_UF_Elements_Borders.lua::SetBorderTestMode("MSUF_DispelBorderTestMode", "MSUF_DispelBorderTestScope"	test flag written through _G[flag] by SetBorderTestMode
MSUF_EM2_AuraPopup	dynamic	A-C6	MidnightSimpleUnitFrames/Shell/EditMode/MSUF_EditMode_AuraPopup.lua::Quick.CreateShell("MSUF_EM2_AuraPopup"	named frame created by Quick.CreateShell
MSUF_EM2_CastPopup	dynamic	A-C6	MidnightSimpleUnitFrames/Shell/EditMode/MSUF_EditMode_CastPopup.lua::Quick.CreateShell("MSUF_EM2_CastPopup"	named frame created by Quick.CreateShell
MSUF_FocusCastbarPreview	dynamic	A-C2	MidnightSimpleUnitFrames/Castbars/MSUF_CastbarPreviews.lua::name = "MSUF_FocusCastbarPreview",	preview frame exported under its spec name (ExportPublic(config.name, frame))
MSUF_GF_RebuildAll	dynamic	A-C1	MidnightSimpleUnitFrames/UnitFrames/Engine/Group/MSUF_UF_Group_Runtime.lua::{ "MSUF_GF_RebuildAll", "RebuildAll" }	public alias exported from the GF_PUBLIC_ALIASES table
MSUF_GF_RefreshAll	dynamic	A-C1	MidnightSimpleUnitFrames/UnitFrames/Engine/Group/MSUF_UF_Group_Runtime.lua::{ "MSUF_GF_RefreshAll", "RefreshAll" }	public alias exported from the GF_PUBLIC_ALIASES table
MSUF_GF_RefreshColors	dynamic	A-C1	MidnightSimpleUnitFrames/UnitFrames/Engine/Group/MSUF_UF_Group_Runtime.lua::{ "MSUF_GF_RefreshColors", "RefreshColors" }	public alias exported from the GF_PUBLIC_ALIASES table
MSUF_GF_RefreshOverlays	dynamic	A-C1	MidnightSimpleUnitFrames/UnitFrames/Engine/Group/MSUF_UF_Group_Runtime.lua::{ "MSUF_GF_RefreshOverlays", "RefreshOverlays" }	public alias exported from the GF_PUBLIC_ALIASES table
MSUF_GF_RefreshVisuals	dynamic	A-C1	MidnightSimpleUnitFrames/UnitFrames/Engine/Group/MSUF_UF_Group_Runtime.lua::{ "MSUF_GF_RefreshVisuals", "RefreshVisuals" }	public alias exported from the GF_PUBLIC_ALIASES table
MSUF_PlayerCastbarPreview	dynamic	A-C2	MidnightSimpleUnitFrames/Castbars/MSUF_CastbarPreviews.lua::name = "MSUF_PlayerCastbarPreview",	preview frame exported under its spec name (ExportPublic(config.name, frame))
MSUF_PurgeBorderTestMode	dynamic	A-C4	MidnightSimpleUnitFrames/UnitFrames/Engine/Elements/MSUF_UF_Elements_Borders.lua::SetBorderTestMode("MSUF_PurgeBorderTestMode", "MSUF_PurgeBorderTestScope"	test flag written through _G[flag] by SetBorderTestMode
MSUF_PurgeBorderTestScope	dynamic	A-C4	MidnightSimpleUnitFrames/UnitFrames/Engine/Elements/MSUF_UF_Elements_Borders.lua::SetBorderTestMode("MSUF_PurgeBorderTestMode", "MSUF_PurgeBorderTestScope"	test flag written through _G[flag] by SetBorderTestMode
MSUF_RefreshStatusIndicators	dynamic	A-C4	MidnightSimpleUnitFrames/UnitFrames/Engine/Elements/MSUF_UF_Elements_Status.lua::"MSUF_RefreshStatusIndicators",	status refresh alias written from STATUS_REFRESH_ALIASES
MSUF_RequestStatusIconsRefreshForCurrent	dynamic	A-C4	MidnightSimpleUnitFrames/UnitFrames/Engine/Elements/MSUF_UF_Elements_Status.lua::"MSUF_RequestStatusIconsRefreshForCurrent",	status refresh alias written from STATUS_REFRESH_ALIASES
MSUF_TargetCastbarPreview	dynamic	A-C2	MidnightSimpleUnitFrames/Castbars/MSUF_CastbarPreviews.lua::name = "MSUF_TargetCastbarPreview",	preview frame exported under its spec name (ExportPublic(config.name, frame))
MSUF_UFPreview_ActiveNudgeBox	dynamic	A-C7	MidnightSimpleUnitFrames_Options/Shell/Menu2/Preview/MSUF_Menu2_UnitPreview_View.lua::activeName = "MSUF_UFPreview_ActiveNudgeBox"	written through _G[activeName] by the Menu2 nudge box (MSUF_Menu2_Support.lua)
MSUF_UIThemeProviderCandidate	external	A-C4	-	documented hand-off for a skin addon that loads before MSUF (Runtime/MSUF_UIThemeBridge.lua); MSUF never defines it
MSUF_boss1CastBar	dead	A-C2	-	legacy boss castbar name kept as a fallback in Edit Mode and preview code; nothing creates it
MSUF_player	dynamic	A-C4	MidnightSimpleUnitFrames/Libs/MSUFUnitFrames/MSUF_UF_Metadata.lua::return tostring(prefix) .. "_" .. tostring(unit or "unknown")	unit frame named by UF.FrameName (MSUF_<unit>)
